{"cameraMode":{"drawMode":0,"name":"Shaded","section":"Shading Mode"},"sceneLighting":false,"audioPlay":false,"sceneViewState":{"m_AlwaysRefresh":false,"showFog":true,"showSkybox":false,"showFlares":true,"showImageEffects":true,"showParticleSystems":true,"showVisualEffectGraphs":true,"m_FxEnabled":true},"in2DMode":false,"pivot":{"x":-0.012826323509216309,"y":8.815040588378907,"z":1.619788646697998},"rotation":{"x":0.009870987385511399,"y":-0.9733216166496277,"z":0.22522765398025514,"w":0.042654894292354587},"size":0.8842369318008423,"orthographic":false}