{"cameraMode":{"drawMode":0,"name":"Shaded","section":"Shading Mode"},"sceneLighting":false,"audioPlay":false,"sceneViewState":{"m_AlwaysRefresh":false,"showFog":true,"showSkybox":false,"showFlares":true,"showImageEffects":true,"showParticleSystems":true,"showVisualEffectGraphs":true,"m_FxEnabled":true},"in2DMode":false,"pivot":{"x":-0.02756214141845703,"y":1.9833922386169434,"z":-1.1920928955078126e-7},"rotation":{"x":-0.0005241119069978595,"y":0.992218017578125,"z":-0.1244858130812645,"w":-0.0041658757254481319},"size":3.3956897258758547,"orthographic":false}